{
  "final_reproj_error": 1.0650723440627397,
  "fps": 59.94005994005994,
  "image_height": 2028,
  "image_width": 2704,
  "intrinsic_type": "FISHEYE",
  "intrinsics": {
    "aspect_ratio": 0.999806936412912,
    "focal_length": 788.6293786542612,
    "principal_pt_x": 1358.23051429465,
    "principal_pt_y": 1006.0870737896892,
    "radial_distortion_1": 0.01422293964089486,
    "radial_distortion_2": -0.060895812427110556,
    "radial_distortion_3": 0.0259068922104162,
    "radial_distortion_4": -0.00579265577556302,
    "skew": 0.0
  },
  "nr_calib_images": 13,
  "stabelized": false
}
